date,tau_yrs,S,sigma,C_bs,C_model
2019-01-02,0.7419575633127995,36.346377754211424,0.4960983774383586,3.6777270491582534,0.0
2019-01-02,0.7419575633127995,36.67158419780242,0.4960983774383586,3.812990543307464,0.12633669085183707
2019-01-02,0.7419575633127995,36.99679064139342,0.4960983774383586,3.9508920413103397,0.2525688400855283
2019-01-02,0.7419575633127995,37.32199708498441,0.4960983774383586,4.091418728515393,0.3787891584386375
2019-01-02,0.7419575633127995,37.64720352857541,0.4960983774383586,4.234556863432887,0.5050839426833066
2019-01-02,0.7419575633127995,37.9724099721664,0.4960983774383586,4.380291819475934,0.6315285937825648
2019-01-02,0.7419575633127995,38.297616415757396,0.4960983774383586,4.52860812617738,0.7581905061139744
2019-01-02,0.7419575633127995,38.622822859348396,0.4960983774383586,4.679489509826205,0.8851317888807582
2019-01-02,0.7419575633127995,38.94802930293939,0.4960983774383586,4.832918933472413,1.0124103595268243
2019-01-02,0.7419575633127995,39.27323574653038,0.4960983774383586,4.988878636254897,1.1400799667976633
2019-01-02,0.7419575633127995,39.59844219012138,0.4960983774383586,5.147350172011405,1.2681898267707847
2019-01-02,0.7419575633127995,39.923648633712375,0.4960983774383586,5.308314447134773,1.3967842643162627
2019-01-02,0.7419575633127995,40.248855077303375,0.4960983774383586,5.471751757643824,1.5259024802723047
2019-01-02,0.7419575633127995,40.57406152089437,0.4960983774383586,5.637641825441522,1.6555783716991164
2019-01-02,0.7419575633127995,40.89926796448536,0.4960983774383586,5.80596383373701,1.7858402585103232
2019-01-02,0.7419575633127995,41.22447440807636,0.4960983774383586,5.976696461611789,1.9167105473632728
2019-01-02,0.7419575633127995,41.549680851667354,0.4960983774383586,6.149817917713722,2.0482059118037186
2019-01-02,0.7419575633127995,41.87488729525835,0.4960983774383586,6.325305973065955,2.1803391341996075
2019-01-02,0.7419575633127995,42.20009373884935,0.4960983774383586,6.5031379929805695,2.3131227731268886
2019-01-02,0.7419575633127995,42.52530018244034,0.4960983774383586,6.683290968069926,2.446569702019559
2019-01-02,0.7419575633127995,42.85050662603134,0.4960983774383586,6.865741544351103,2.580677814305472
2019-01-02,0.7419575633127995,43.17571306962233,0.4960983774383586,7.050466052441099,2.715397258220168
2019-01-02,0.7419575633127995,43.500919513213326,0.4960983774383586,7.237440535843188,2.8506641609862577
2019-01-02,0.7419575633127995,43.826125956804326,0.4960983774383586,7.426640778326249,2.9867155551924993
2019-01-02,0.7419575633127995,44.15133240039532,0.4960983774383586,7.618042330401273,3.124070284462496
2019-01-02,0.7419575633127995,44.47653884398632,0.4960983774383586,7.811620534900893,3.2595609911101584
2019-01-02,0.7419575633127995,44.80174528757731,0.4960983774383586,8.007350551669035,3.399197423586806
2019-01-02,0.7419575633127995,45.126951731168305,0.4960983774383586,8.2052073813698,3.5367109185151886
2019-01-02,0.7419575633127995,45.452158174759305,0.4960983774383586,8.405165888425493,3.6756423997729892
2019-01-02,0.7419575633127995,45.7773646183503,0.4960983774383586,8.607200823095106,3.815191109931569
2019-01-02,0.7419575633127995,46.10257106194129,0.4960983774383586,8.81128684270573,3.955135629263003
2019-01-02,0.7419575633127995,46.42777750553229,0.4960983774383586,9.01739853205008,4.095505111033704
2019-01-02,0.7419575633127995,46.75298394912328,0.4960983774383586,9.225510422964277,4.2363118103935085
2019-01-02,0.7419575633127995,47.07819039271428,0.4960983774383586,9.435597013100871,4.3775279845925725
2019-01-02,0.7419575633127995,47.40339683630528,0.4960983774383586,9.647632783912538,4.5191134538549385
2019-01-02,0.7419575633127995,47.72860327989628,0.4960983774383586,9.861592217862594,4.661031314698898
2019-01-02,0.7419575633127995,48.05380972348727,0.4960983774383586,10.077449814878786,4.8032518961839905
2019-01-02,0.7419575633127995,48.37901616707826,0.4960983774383586,10.295180108067552,4.9457525065389385
2019-01-02,0.7419575633127995,48.70422261066926,0.4960983774383586,10.51475767870578,5.0885139719576795
2019-01-02,0.7419575633127995,49.029429054260255,0.4960983774383586,10.73615717052774,5.231510870946501
2019-01-10,0.7200547570157426,36.346377754211424,0.4960983774383586,3.583017885446834,0.0
2019-01-10,0.7200547570157426,36.67158419780242,0.4960983774383586,3.7169322840499515,0.1230377889259922
2019-01-10,0.7200547570157426,36.99679064139342,0.4960983774383586,3.853518690282595,0.24601651162488336
2019-01-10,0.7200547570157426,37.32199708498441,0.4960983774383586,3.9927648597284975,0.3690329513879205
2019-01-10,0.7200547570157426,37.64720352857541,0.4960983774383586,4.134657561372407,0.49218070339385944
2019-01-10,0.7200547570157426,37.9724099721664,0.4960983774383586,4.279182620764953,0.6155546720514061
2019-01-10,0.7200547570157426,38.297616415757396,0.4960983774383586,4.426324962730323,0.7392475411749343
2019-01-10,0.7200547570157426,38.622822859348396,0.4960983774383586,4.576068653551305,0.8633461554232289
2019-01-10,0.7200547570157426,38.94802930293939,0.4960983774383586,4.728396942572452,0.987929629280873
2019-01-10,0.7200547570157426,39.27323574653038,0.4960983774383586,4.883292303167794,1.113068773113315
2019-01-10,0.7200547570157426,39.59844219012138,0.4960983774383586,5.040736473024781,1.2388261637883882
2019-01-10,0.7200547570157426,39.923648633712375,0.4960983774383586,5.200710493701516,1.3652564250372903
2019-01-10,0.7200547570157426,40.248855077303375,0.4960983774383586,5.3631947494190655,1.4924065485034026
2019-01-10,0.7200547570157426,40.57406152089437,0.4960983774383586,5.528169005055322,1.6203162878039368
2019-01-10,0.7200547570157426,40.89926796448536,0.4960983774383586,5.695612443311218,1.7490187346270925
2019-01-10,0.7200547570157426,41.22447440807636,0.4960983774383586,5.86550370102416,1.8785409987636537
2019-01-10,0.7200547570157426,41.549680851667354,0.4960983774383586,6.037820904607571,2.0089043625075806
2019-01-10,0.7200547570157426,41.87488729525835,0.4960983774383586,6.2125417045987525,2.140122765368223
2019-01-10,0.7200547570157426,42.20009373884935,0.4960983774383586,6.389643309301057,2.2721996057912373
2019-01-10,0.7200547570157426,42.52530018244034,0.4960983774383586,6.569102517509034,2.4051281049276967
2019-01-10,0.7200547570157426,42.85050662603134,0.4960983774383586,6.7508957503087395,2.5389079107139
2019-01-10,0.7200547570157426,43.17571306962233,0.4960983774383586,6.934999081947584,2.673578184243333
2019-01-10,0.7200547570157426,43.500919513213326,0.4960983774383586,7.121388269770993,2.8091805119888114
2019-01-10,0.7200547570157426,43.826125956804326,0.4960983774383586,7.310038783225426,2.9454401443374447
2019-01-10,0.7200547570157426,44.15133240039532,0.4960983774383586,7.500925831929397,3.0818066981735064
2019-01-10,0.7200547570157426,44.47653884398632,0.4960983774383586,7.694024392816196,3.2214649223814074
2019-01-10,0.7200547570157426,44.80174528757731,0.4960983774383586,7.889309236353782,3.3582173559104573
2019-01-10,0.7200547570157426,45.126951731168305,0.4960983774383586,8.086754951849251,3.4984259722719235
2019-01-10,0.7200547570157426,45.452158174759305,0.4960983774383586,8.286335971846292,3.6384253575730474
2019-01-10,0.7200547570157426,45.7773646183503,0.4960983774383586,8.488026595625989,3.778957101479181
2019-01-10,0.7200547570157426,46.10257106194129,0.4960983774383586,8.691801011822278,3.920188243260411
2019-01-10,0.7200547570157426,46.42777750553229,0.4960983774383586,8.897633320164438,4.062025513107182
2019-01-10,0.7200547570157426,46.75298394912328,0.4960983774383586,9.105497552360287,4.2043876932853195
2019-01-10,0.7200547570157426,47.07819039271428,0.4960983774383586,9.31536769213439,4.34723229846742
2019-01-10,0.7200547570157426,47.40339683630528,0.4960983774383586,9.52721769443642,4.490528611041332
2019-01-10,0.7200547570157426,47.72860327989628,0.4960983774383586,9.74102150383569,4.634241686600911
2019-01-10,0.7200547570157426,48.05380972348727,0.4960983774383586,9.956753072118183,4.77832839081412
2019-01-10,0.7200547570157426,48.37901616707826,0.4960983774383586,10.174386375103246,4.922738170676837
2019-01-10,0.7200547570157426,48.70422261066926,0.4960983774383586,10.393895428697192,5.0674174883189504
2019-01-10,0.7200547570157426,49.029429054260255,0.4960983774383586,10.615254304201756,5.212320721708494
2019-01-22,0.6872005475701575,36.346377754211424,0.4960983774383586,3.438850567098223,0.0
2019-01-22,0.6872005475701575,36.67158419780242,0.4960983774383586,3.570656100135391,0.11624288907970337
2019-01-22,0.6872005475701575,36.99679064139342,0.4960983774383586,3.705186854674306,0.23246743132791287
2019-01-22,0.6872005475701575,37.32199708498441,0.4960983774383586,3.8424315576204418,0.34883628750286727
2019-01-22,0.6872005475701575,37.64720352857541,0.4960983774383586,3.982377851431176,0.46550195417675866
2019-01-22,0.6872005475701575,37.9724099721664,0.4960983774383586,4.125012339457767,0.5826006786776814
2019-01-22,0.6872005475701575,38.297616415757396,0.4960983774383586,4.2703206309557995,0.7002551605357041
2019-01-22,0.6872005475701575,38.622822859348396,0.4960983774383586,4.418287385683332,0.8185778160249693
2019-01-22,0.6872005475701575,38.94802930293939,0.4960983774383586,4.568896358012875,0.9376725090904351
2019-01-22,0.6872005475701575,39.27323574653038,0.4960983774383586,4.7221304404898135,1.0576350184247725
2019-01-22,0.6872005475701575,39.59844219012138,0.4960983774383586,4.877971706775828,1.1785528736827262
2019-01-22,0.6872005475701575,39.923648633712375,0.4960983774383586,5.036401453922151,1.3005050024859506
2019-01-22,0.6872005475701575,40.248855077303375,0.4960983774383586,5.197400243922713,1.4235613764811326
2019-01-22,0.6872005475701575,40.57406152089437,0.4960983774383586,5.360947944502746,1.547782642760507
2019-01-22,0.6872005475701575,40.89926796448536,0.4960983774383586,5.527023769103604,1.673219651152709
2019-01-22,0.6872005475701575,41.22447440807636,0.4960983774383586,5.695606316028998,1.7999129819659772
2019-01-22,0.6872005475701575,41.549680851667354,0.4960983774383586,5.866673606722703,1.9278931307346956
2019-01-22,0.6872005475701575,41.87488729525835,0.4960983774383586,6.040203123151937,2.0571824824402745
2019-01-22,0.6872005475701575,42.20009373884935,0.4960983774383586,6.216171844274445,2.1877989746253013
2019-01-22,0.6872005475701575,42.52530018244034,0.4960983774383586,6.394556281571468,2.3197560018897105
2019-01-22,0.6872005475701575,42.85050662603134,0.4960983774383586,6.575332513631892,2.4530459114367904
2019-01-22,0.6872005475701575,43.17571306962233,0.4960983774383586,6.758476219776451,2.5876078031044925
2019-01-22,0.6872005475701575,43.500919513213326,0.4960983774383586,6.9439627127137875,2.7233680614040723
2019-01-22,0.6872005475701575,43.826125956804326,0.4960983774383586,7.131766970223122,2.8605627798634936
2019-01-22,0.6872005475701575,44.15133240039532,0.4960983774383586,7.321863665860761,2.999683465101376
2019-01-22,0.6872005475701575,44.47653884398632,0.4960983774383586,7.514227198690463,3.1374392522645045
2019-01-22,0.6872005475701575,44.80174528757731,0.4960983774383586,7.708831722039452,3.2800475509015015
2019-01-22,0.6872005475701575,45.126951731168305,0.4960983774383586,7.90565117128455,3.420963413484752
2019-01-22,0.6872005475701575,45.452158174759305,0.4960983774383586,8.104659290674213,3.5638067232181836
2019-01-22,0.6872005475701575,45.7773646183503,0.4960983774383586,8.305829659194455,3.707737436095132
2019-01-22,0.6872005475701575,46.10257106194129,0.4960983774383586,8.509135715488036,3.85247892158434
2019-01-22,0.6872005475701575,46.42777750553229,0.4960983774383586,8.714550781837744,3.9980151492277183
2019-01-22,0.6872005475701575,46.75298394912328,0.4960983774383586,8.922048087225981,4.144316475318365
2019-01-22,0.6872005475701575,47.07819039271428,0.4960983774383586,9.131600789483944,4.291311828936201
2019-01-22,0.6872005475701575,47.40339683630528,0.4960983774383586,9.34318199654481,4.438916498754466
2019-01-22,0.6872005475701575,47.72860327989628,0.4960983774383586,9.556764786816363,4.587049496623171
2019-01-22,0.6872005475701575,48.05380972348727,0.4960983774383586,9.772322228688942,4.7356386325211295
2019-01-22,0.6872005475701575,48.37901616707826,0.4960983774383586,9.989827399195896,4.884620409540852
2019-01-22,0.6872005475701575,48.70422261066926,0.4960983774383586,10.209253401843899,5.033935859606165
2019-01-22,0.6872005475701575,49.029429054260255,0.4960983774383586,10.430573383631021,5.183519731317894
2019-01-30,0.6652977412731006,36.346377754211424,0.4960983774383586,3.3412831237926888,0.0
2019-01-30,0.6652977412731006,36.67158419780242,0.4960983774383586,3.4716213015612,0.110472841354728
2019-01-30,0.6652977412731006,36.99679064139342,0.4960983774383586,3.6047217434265306,0.22097686847434514
2019-01-30,0.6652977412731006,37.32199708498441,0.4960983774383586,3.740573912110218,0.33167692562089623
2019-01-30,0.6652977412731006,37.64720352857541,0.4960983774383586,3.87916611455916,0.4427332869302759
2019-01-30,0.6652977412731006,37.9724099721664,0.4960983774383586,4.02048554875455,0.5543079372630673
2019-01-30,0.6652977412731006,38.297616415757396,0.4960983774383586,4.164518350293312,0.6665610896050713
2019-01-30,0.6652977412731006,38.622822859348396,0.4960983774383586,4.311249638649594,0.7796465767006068
2019-01-30,0.6652977412731006,38.94802930293939,0.4960983774383586,4.460663563031115,0.8937086765952668
2019-01-30,0.6652977412731006,39.27323574653038,0.4960983774383586,4.612743347752433,1.0088803662783759
2019-01-30,0.6652977412731006,39.59844219012138,0.4960983774383586,4.767471337053523,1.1252824712657477
2019-01-30,0.6652977412731006,39.923648633712375,0.4960983774383586,4.924829039298793,1.2430232835680486
2019-01-30,0.6652977412731006,40.248855077303375,0.4960983774383586,5.0847971704976285,1.362198439592234
2019-01-30,0.6652977412731006,40.57406152089437,0.4960983774383586,5.247355697093532,1.4828910402616784
2019-01-30,0.6652977412731006,40.89926796448536,0.4960983774383586,5.412483877974436,1.605172061741148
2019-01-30,0.6652977412731006,41.22447440807636,0.4960983774383586,5.5801603056621065,1.7291008960866152
2019-01-30,0.6652977412731006,41.549680851667354,0.4960983774383586,5.7503629466434845,1.8547253081978339
2019-01-30,0.6652977412731006,41.87488729525835,0.4960983774383586,5.923069180811741,1.9820796810588015
2019-01-30,0.6652977412731006,42.20009373884935,0.4960983774383586,6.09825583998915,2.111181810342658
2019-01-30,0.6652977412731006,42.52530018244034,0.4960983774383586,6.27589924550804,2.242033979529959
2019-01-30,0.6652977412731006,42.85050662603134,0.4960983774383586,6.455975244830366,2.374640874161844
2019-01-30,0.6652977412731006,43.17571306962233,0.4960983774383586,6.638459247189736,2.509042117450821
2019-01-30,0.6652977412731006,43.500919513213326,0.4960983774383586,6.823326258243558,2.64526835637234
2019-01-30,0.6652977412731006,43.826125956804326,0.4960983774383586,7.01055091372605,2.7830155187699464
2019-01-30,0.6652977412731006,44.15133240039532,0.4960983774383586,7.200107512095819,2.921722319970731
2019-01-30,0.6652977412731006,44.47653884398632,0.4960983774383586,7.391970046174762,3.064650510224172
2019-01-30,0.6652977412731006,44.80174528757731,0.4960983774383586,7.586112233777367,3.2053326284781116
2019-01-30,0.6652977412731006,45.126951731168305,0.4960983774383586,7.782507547332099,3.350348145799693
2019-01-30,0.6652977412731006,45.452158174759305,0.4960983774383586,7.981129242498607,3.495878300600365
2019-01-30,0.6652977412731006,45.7773646183503,0.4960983774383586,8.18195038578677,3.642623502688667
2019-01-30,0.6652977412731006,46.10257106194129,0.4960983774383586,8.38494388118508,3.7907198172747165
2019-01-30,0.6652977412731006,46.42777750553229,0.4960983774383586,8.590082495808048,3.940026633529915
2019-01-30,0.6652977412731006,46.75298394912328,0.4960983774383586,8.797338884573271,4.09040614578318
2019-01-30,0.6652977412731006,47.07819039271428,0.4960983774383586,9.00668561392093,4.24175555798997
2019-01-30,0.6652977412731006,47.40339683630528,0.4960983774383586,9.218095184588925,4.3939807422811645
2019-01-30,0.6652977412731006,47.72860327989628,0.4960983774383586,9.431540053458747,4.5469794652025515
2019-01-30,0.6652977412731006,48.05380972348727,0.4960983774383586,9.646992654487537,4.700637280057765
2019-01-30,0.6652977412731006,48.37901616707826,0.4960983774383586,9.86442541874328,4.854829262167941
2019-01-30,0.6652977412731006,48.70422261066926,0.4960983774383586,10.083810793560282,5.009426358655105
2019-01-30,0.6652977412731006,49.029429054260255,0.4960983774383586,10.305121260833111,5.164308554661915
2019-02-08,0.6406570841889117,36.346377754211424,0.31185641366822625,1.290017059260192,0.0
2019-02-08,0.6406570841889117,36.67158419780242,0.31185641366822625,1.3778531097915643,0.10536507036640752
2019-02-08,0.6406570841889117,36.99679064139342,0.31185641366822625,1.4695508445509091,0.2105417327860755
2019-02-08,0.6406570841889117,37.32199708498441,0.31185641366822625,1.5651552510680862,0.31580159301709715
2019-02-08,0.6406570841889117,37.64720352857541,0.31185641366822625,1.6647065651467159,0.4214166846721859
2019-02-08,0.6406570841889117,37.9724099721664,0.31185641366822625,1.7682402486641244,0.5276299505672257
2019-02-08,0.6406570841889117,38.297616415757396,0.31185641366822625,1.875786985503641,0.6346551900668282
2019-02-08,0.6406570841889117,38.622822859348396,0.31185641366822625,1.9873726948754662,0.7426837758639824
2019-02-08,0.6406570841889117,38.94802930293939,0.31185641366822625,2.103018561214558,0.851889996564498
2019-02-08,0.6406570841889117,39.27323574653038,0.31185641366822625,2.2227410797867044,0.9624338696222559
2019-02-08,0.6406570841889117,39.59844219012138,0.31185641366822625,2.346552117087411,1.0744621669652579
2019-02-08,0.6406570841889117,39.923648633712375,0.31185641366822625,2.4744589850813767,1.188108489235219
2019-02-08,0.6406570841889117,40.248855077303375,0.31185641366822625,2.606464528303194,1.303492849335044
2019-02-08,0.6406570841889117,40.57406152089437,0.31185641366822625,2.7425672228214246,1.420720830636996
2019-02-08,0.6406570841889117,40.89926796448536,0.31185641366822625,2.882761286058628,1.5398822871475202
2019-02-08,0.6406570841889117,41.22447440807636,0.31185641366822625,3.0270367964572156,1.6610501514474756
2019-02-08,0.6406570841889117,41.549680851667354,0.31185641366822625,3.1753798219866987,1.7842812996215256
2019-02-08,0.6406570841889117,41.87488729525835,0.31185641366822625,3.32777255649874,1.9096221822025579
2019-02-08,0.6406570841889117,42.20009373884935,0.31185641366822625,3.484193462954355,2.0371177743429554
2019-02-08,0.6406570841889117,42.52530018244034,0.31185641366822625,3.6446174225698478,2.166808171913439
2019-02-08,0.6406570841889117,42.85050662603134,0.31185641366822625,3.8090158889557557,2.2986816590610313
2019-02-08,0.6406570841889117,43.17571306962233,0.31185641366822625,3.977357046353962,2.4325962331491913
2019-02-08,0.6406570841889117,43.500919513213326,0.31185641366822625,4.149605971113338,2.5684099815602934
2019-02-08,0.6406570841889117,43.826125956804326,0.31185641366822625,4.325724795581618,2.706821774921317
2019-02-08,0.6406570841889117,44.15133240039532,0.31185641366822625,4.505672873631383,2.8490820267316797
2019-02-08,0.6406570841889117,44.47653884398632,0.31185641366822625,4.68940694708002,2.9865162632949542
2019-02-08,0.6406570841889117,44.80174528757731,0.31185641366822625,4.876881312306569,3.1358824246782557
2019-02-08,0.6406570841889117,45.126951731168305,0.31185641366822625,5.068047986412974,3.279663788536539
2019-02-08,0.6406570841889117,45.452158174759305,0.31185641366822625,5.26285687232177,3.4275488717187517
2019-02-08,0.6406570841889117,45.7773646183503,0.31185641366822625,5.461255922247496,3.5774753579471517
2019-02-08,0.6406570841889117,46.10257106194129,0.31185641366822625,5.663191299024014,3.728749828282508
2019-02-08,0.6406570841889117,46.42777750553229,0.31185641366822625,5.8686075348142275,3.881389511279141
2019-02-08,0.6406570841889117,46.75298394912328,0.31185641366822625,6.077447686772569,4.035401164654261
2019-02-08,0.6406570841889117,47.07819039271428,0.31185641366822625,6.289653489273665,4.190688255324762
2019-02-08,0.6406570841889117,47.40339683630528,0.31185641366822625,6.50516550236182,4.347117967571123
2019-02-08,0.6406570841889117,47.72860327989628,0.31185641366822625,6.723923256116798,4.504567423877652
2019-02-08,0.6406570841889117,48.05380972348727,0.31185641366822625,6.945865390670114,4.662936205477547
2019-02-08,0.6406570841889117,48.37901616707826,0.31185641366822625,7.170929791643253,4.8221413198824665
2019-02-08,0.6406570841889117,48.70422261066926,0.31185641366822625,7.399053720815143,4.982098446349388
2019-02-08,0.6406570841889117,49.029429054260255,0.31185641366822625,7.630173941859855,5.142685919296348
2019-02-19,0.6105407255304586,36.346377754211424,0.2991614642739301,1.1003412226358904,0.0
2019-02-19,0.6105407255304586,36.67158419780242,0.2991614642739301,1.1817918633200808,0.10052171011812956
2019-02-19,0.6105407255304586,36.99679064139342,0.2991614642739301,1.2672161772403587,0.20100507753369232
2019-02-19,0.6105407255304586,37.32199708498441,0.2991614642739301,1.3566748689792192,0.3016972422396422
2019-02-19,0.6105407255304586,37.64720352857541,0.2991614642739301,1.450223266612758,0.4028100009522946
2019-02-19,0.6105407255304586,37.9724099721664,0.2991614642739301,1.5479112373901138,0.5045601916603478
2019-02-19,0.6105407255304586,38.297616415757396,0.2991614642739301,1.6497831281567894,0.6071737815704394
2019-02-19,0.6105407255304586,38.622822859348396,0.2991614642739301,1.7558777298876453,0.7108782499611951
2019-02-19,0.6105407255304586,38.94802930293939,0.2991614642739301,1.8662282655590925,0.8158939958885721
2019-02-19,0.6105407255304586,39.27323574653038,0.2991614642739301,1.9808624004694106,0.9224276795235855
2019-02-19,0.6105407255304586,39.59844219012138,0.2991614642739301,2.0998022740107487,1.0306677261446482
2019-02-19,0.6105407255304586,39.923648633712375,0.2991614642739301,2.223064551805928,1.1407816221388603
2019-02-19,0.6105407255304586,40.248855077303375,0.2991614642739301,2.3506604970483487,1.252914715941138
2019-02-19,0.6105407255304586,40.57406152089437,0.2991614642739301,2.4825960598218426,1.3671904505604258
2019-02-19,0.6105407255304586,40.89926796448536,0.2991614642739301,2.6188719831308447,1.4837118824002822
2019-02-19,0.6105407255304586,41.22447440807636,0.2991614642739301,2.759483924337072,1.6025635432174477
2019-02-19,0.6105407255304586,41.549680851667354,0.2991614642739301,2.9044225906777577,1.7238112079448638
2019-02-19,0.6105407255304586,41.87488729525835,0.2991614642739301,3.0536738875306284,1.8474967129181084
2019-02-19,0.6105407255304586,42.20009373884935,0.2991614642739301,3.2072190780918532,1.9736303446087506
2019-02-19,0.6105407255304586,42.52530018244034,0.2991614642739301,3.3650349531442316,2.1021991908619313
2019-02-19,0.6105407255304586,42.85050662603134,0.2991614642739301,3.5270940096125436,2.2332240998729054
2019-02-19,0.6105407255304586,43.17571306962233,0.2991614642739301,3.6933646366310597,2.3668432366799923
2019-02-19,0.6105407255304586,43.500919513213326,0.2991614642739301,3.8638113078833385,2.5031480074735115
2019-02-19,0.6105407255304586,43.826125956804326,0.2991614642739301,4.038394779015384,2.6412525483964924
2019-02-19,0.6105407255304586,44.15133240039532,0.2991614642739301,4.217072288970453,2.7797405682272673
2019-02-19,0.6105407255304586,44.47653884398632,0.2991614642739301,4.399797764144495,2.92825959636777
2019-02-19,0.6105407255304586,44.80174528757731,0.2991614642739301,4.586522024316491,3.067637031952682
2019-02-19,0.6105407255304586,45.126951731168305,0.2991614642739301,4.777192989365677,3.217620889225663
2019-02-19,0.6105407255304586,45.452158174759305,0.2991614642739301,4.971755885847841,3.3671258736443863
2019-02-19,0.6105407255304586,45.7773646183503,0.2991614642739301,5.17015345256468,3.5182016899642687
2019-02-19,0.6105407255304586,46.10257106194129,0.2991614642739301,5.372326144322759,3.6714508452953156
2019-02-19,0.6105407255304586,46.42777750553229,0.2991614642739301,5.5782123331418525,3.826646920920408
2019-02-19,0.6105407255304586,46.75298394912328,0.2991614642739301,5.787748506235282,3.983538595588222
2019-02-19,0.6105407255304586,47.07819039271428,0.2991614642739301,6.000869460147445,4.141970686001832
2019-02-19,0.6105407255304586,47.40339683630528,0.2991614642739301,6.217508490494804,4.301816253316877
2019-02-19,0.6105407255304586,47.72860327989628,0.2991614642739301,6.43759757681708,4.462926539208247
2019-02-19,0.6105407255304586,48.05380972348727,0.2991614642739301,6.6610675621032165,4.625119712993713
2019-02-19,0.6105407255304586,48.37901616707826,0.2991614642739301,6.8878483266135255,4.788192335649846
2019-02-19,0.6105407255304586,48.70422261066926,0.2991614642739301,7.117868955673401,4.951948012134377
2019-02-19,0.6105407255304586,49.029429054260255,0.2991614642739301,7.351057901165738,5.1162437787538195
2019-02-28,0.5859000684462696,36.346377754211424,0.26189623706423687,0.7368157417402932,0.0
2019-02-28,0.5859000684462696,36.67158419780242,0.26189623706423687,0.8035371120287378,0.09775987171852316
2019-02-28,0.5859000684462696,36.99679064139342,0.26189623706423687,0.8744215655303345,0.19506873711647732
2019-02-28,0.5859000684462696,37.32199708498441,0.26189623706423687,0.9495765529549622,0.2921945852100601
2019-02-28,0.5859000684462696,37.64720352857541,0.26189623706423687,1.0291029486152024,0.38949877149983547
2019-02-28,0.5859000684462696,37.9724099721664,0.26189623706423687,1.113094698600067,0.4873539741921584
2019-02-28,0.5859000684462696,38.297616415757396,0.26189623706423687,1.2016385129700797,0.5861105535758024
2019-02-28,0.5859000684462696,38.622822859348396,0.26189623706423687,1.2948136029201738,0.6860855688735971
2019-02-28,0.5859000684462696,38.94802930293939,0.26189623706423687,1.39269146339997,0.7875603962358334
2019-02-28,0.5859000684462696,39.27323574653038,0.26189623706423687,1.4953357012445725,0.8907815190511071
2019-02-28,0.5859000684462696,39.59844219012138,0.26189623706423687,1.6028019084570424,0.995962512892472
2019-02-28,0.5859000684462696,39.923648633712375,0.26189623706423687,1.7151375798998618,1.103286343970839
2019-02-28,0.5859000684462696,40.248855077303375,0.26189623706423687,1.832382074299927,1.2129073525590714
2019-02-28,0.5859000684462696,40.57406152089437,0.26189623706423687,1.9545666171517553,1.3249523901126097
2019-02-28,0.5859000684462696,40.89926796448536,0.26189623706423687,2.0817143438189074,1.4395210775611031
2019-02-28,0.5859000684462696,41.22447440807636,0.26189623706423687,2.2138403808837097,1.556686535842294
2019-02-28,0.5859000684462696,41.549680851667354,0.26189623706423687,2.350951963582183,1.6764998545034606
2019-02-28,0.5859000684462696,41.87488729525835,0.26189623706423687,2.4930485869829973,1.7990012522382943
2019-02-28,0.5859000684462696,42.20009373884935,0.26189623706423687,2.640122188426318,1.9242322836870722
2019-02-28,0.5859000684462696,42.52530018244034,0.26189623706423687,2.7921573586295487,2.052222490361421
2019-02-28,0.5859000684462696,42.85050662603134,0.26189623706423687,2.949131578790407,2.182911317608051
2019-02-28,0.5859000684462696,43.17571306962233,0.26189623706423687,3.111015480971929,2.3160525447141342
2019-02-28,0.5859000684462696,43.500919513213326,0.26189623706423687,3.2777731290372145,2.4514815437412296
2019-02-28,0.5859000684462696,43.826125956804326,0.26189623706423687,3.4493623174111043,2.5903615702595393
2019-02-28,0.5859000684462696,44.15133240039532,0.26189623706423687,3.6257348849801367,2.734330713326252
2019-02-28,0.5859000684462696,44.47653884398632,0.26189623706423687,3.8068370414978894,2.8699993981378964
2019-02-28,0.5859000684462696,44.80174528757731,0.26189623706423687,3.9926097039381574,3.0239176942698065
2019-02-28,0.5859000684462696,45.126951731168305,0.26189623706423687,4.182988840331031,3.168391540635805
2019-02-28,0.5859000684462696,45.452158174759305,0.26189623706423687,4.377905818723811,3.3184862250615144
2019-02-28,0.5859000684462696,45.7773646183503,0.26189623706423687,4.577287759028042,3.4713648181963137
2019-02-28,0.5859000684462696,46.10257106194129,0.26189623706423687,4.781057885643708,3.6259404148435928
2019-02-28,0.5859000684462696,46.42777750553229,0.26189623706423687,4.989135878888153,3.7822729969552964
2019-02-28,0.5859000684462696,46.75298394912328,0.26189623706423687,5.201438223400952,3.9404837196401687
2019-02-28,0.5859000684462696,47.07819039271428,0.26189623706423687,5.417878551842584,4.1005532224159635
2019-02-28,0.5859000684462696,47.40339683630528,0.26189623706423687,5.638367982353444,4.262395735186314
2019-02-28,0.5859000684462696,47.72860327989628,0.26189623706423687,5.862815448389842,4.425921230844681
2019-02-28,0.5859000684462696,48.05380972348727,0.26189623706423687,6.09112801970149,4.591045176980457
2019-02-28,0.5859000684462696,48.37901616707826,0.26189623706423687,6.323211213361613,4.757664778899112
2019-02-28,0.5859000684462696,48.70422261066926,0.26189623706423687,6.558969293903491,4.925612989605904
2019-02-28,0.5859000684462696,49.029429054260255,0.26189623706423687,6.798305561755406,5.094597450597455
2019-03-08,0.5639972621492129,36.346377754211424,0.11933705213440433,0.021868382861542468,0.0
2019-03-08,0.5639972621492129,36.67158419780242,0.11933705213440433,0.028835850037246646,0.09654675056433408
2019-03-08,0.5639972621492129,36.99679064139342,0.11933705213440433,0.03762776679858204,0.19171498199390613
2019-03-08,0.5639972621492129,37.32199708498441,0.11933705213440433,0.048605482599973104,0.2864274223041459
2019-03-08,0.5639972621492129,37.64720352857541,0.11933705213440433,0.06217292039579014,0.3813200509386652
2019-03-08,0.5639972621492129,37.9724099721664,0.11933705213440433,0.07877550642686826,0.47686872918895634
2019-03-08,0.5639972621492129,38.297616415757396,0.11933705213440433,0.09889779647829178,0.5734612486560341
2019-03-08,0.5639972621492129,38.622822859348396,0.11933705213440433,0.12305973857677843,0.6714266378662962
2019-03-08,0.5639972621492129,38.94802930293939,0.11933705213440433,0.15181156834736464,0.7710476674551712
2019-03-08,0.5639972621492129,39.27323574653038,0.11933705213440433,0.18572739387804127,0.8725674919124
2019-03-08,0.5639972621492129,39.59844219012138,0.11933705213440433,0.22539758844068025,0.9761940661732159
2019-03-08,0.5639972621492129,39.923648633712375,0.11933705213440433,0.27142016808879443,1.0821041822475228
2019-03-08,0.5639972621492129,40.248855077303375,0.11933705213440433,0.32439138338874773,1.1904485515245522
2019-03-08,0.5639972621492129,40.57406152089437,0.11933705213440433,0.38489579709871524,1.3013579003547033
2019-03-08,0.5639972621492129,40.89926796448536,0.11933705213440433,0.45349614985704534,1.4149464091560577
2019-03-08,0.5639972621492129,41.22447440807636,0.11933705213440433,0.5307233320456639,1.5313040935212667
2019-03-08,0.5639972621492129,41.549680851667354,0.11933705213440433,0.6170667810443486,1.6504700339709528
2019-03-08,0.5639972621492129,41.87488729525835,0.11933705213440433,0.7129656091406247,1.7723970615757692
2019-03-08,0.5639972621492129,42.20009373884935,0.11933705213440433,0.8188007393930725,1.8969686642319235
2019-03-08,0.5639972621492129,42.52530018244034,0.11933705213440433,0.9348882865765322,2.02418610023389
2019-03-08,0.5639972621492129,42.85050662603134,0.11933705213440433,1.0614743704448593,2.1545573140096526
2019-03-08,0.5639972621492129,43.17571306962233,0.11933705213440433,1.1987314918764795,2.289125760812726
2019-03-08,0.5639972621492129,43.500919513213326,0.11933705213440433,1.3467565422091532,2.427273863279025
2019-03-08,0.5639972621492129,43.826125956804326,0.11933705213440433,1.5055704554302487,2.56118006534248
2019-03-08,0.5639972621492129,44.15133240039532,0.11933705213440433,1.6751194548908082,2.686330281550375
2019-03-08,0.5639972621492129,44.47653884398632,0.11933705213440433,1.8552777935119487,2.879493509298862
2019-03-08,0.5639972621492129,44.80174528757731,0.11933705213440433,2.0458518412115687,2.9731972250666576
2019-03-08,0.5639972621492129,45.126951731168305,0.11933705213440433,2.246585337072201,3.14182969598096
2019-03-08,0.5639972621492129,45.452158174759305,0.11933705213440433,2.457165597546684,3.2957551312906705
2019-03-08,0.5639972621492129,45.7773646183503,0.11933705213440433,2.6772304560905233,3.446044966842541
2019-03-08,0.5639972621492129,46.10257106194129,0.11933705213440433,2.906375703779208,3.599431648762874
2019-03-08,0.5639972621492129,46.42777750553229,0.11933705213440433,3.1441628039851786,3.7561291229676703
2019-03-08,0.5639972621492129,46.75298394912328,0.11933705213440433,3.390126665927866,3.9150699017446424
2019-03-08,0.5639972621492129,47.07819039271428,0.11933705213440433,3.643783280466778,4.075663479438024
2019-03-08,0.5639972621492129,47.40339683630528,0.11933705213440433,3.9046370453084975,4.237790342698325
2019-03-08,0.5639972621492129,47.72860327989628,0.11933705213440433,4.172187634213358,4.401511525210318
2019-03-08,0.5639972621492129,48.05380972348727,0.11933705213440433,4.445936294222733,4.566923300606081
2019-03-08,0.5639972621492129,48.37901616707826,0.11933705213440433,4.7253914849082435,4.734162423227629
2019-03-08,0.5639972621492129,48.70422261066926,0.11933705213440433,5.010073802873485,4.903490031780474
2019-03-08,0.5639972621492129,49.029429054260255,0.11933705213440433,5.299520162140091,5.075347312458646
2019-03-19,0.5338809034907598,36.346377754211424,0.15681362839580326,0.09131309493039352,0.0
2019-03-19,0.5338809034907598,36.67158419780242,0.15681362839580326,0.11034381019510109,0.09329402572956841
2019-03-19,0.5338809034907598,36.99679064139342,0.15681362839580326,0.13249612996069482,0.1860675409719198
2019-03-19,0.5338809034907598,37.32199708498441,0.15681362839580326,0.15811879391915395,0.27882545710580947
2019-03-19,0.5338809034907598,37.64720352857541,0.15681362839580326,0.18757344268215403,0.37200488116483016
2019-03-19,0.5338809034907598,37.9724099721664,0.15681362839580326,0.22123152725548767,0.46599714798160485
2019-03-19,0.5338809034907598,38.297616415757396,0.15681362839580326,0.2594708733880058,0.561148430714584
2019-03-19,0.5338809034907598,38.622822859348396,0.15681362839580326,0.30267196215269276,0.6577649734268892
2019-03-19,0.5338809034907598,38.94802930293939,0.15681362839580326,0.3512139974321693,0.7561191129876195
2019-03-19,0.5338809034907598,39.27323574653038,0.15681362839580326,0.40547083809065665,0.856453060342018
2019-03-19,0.5338809034907598,39.59844219012138,0.15681362839580326,0.4658068772653099,0.9589799213110565
2019-03-19,0.5338809034907598,39.923648633712375,0.15681362839580326,0.5325729532578158,1.063882493191432
2019-03-19,0.5338809034907598,40.248855077303375,0.15681362839580326,0.6061023759226245,1.1713110977769088
2019-03-19,0.5338809034907598,40.57406152089437,0.15681362839580326,0.6867071493067698,1.2813830340407
2019-03-19,0.5338809034907598,40.89926796448536,0.15681362839580326,0.7746744657808744,1.3941878641196508
2019-03-19,0.5338809034907598,41.22447440807636,0.15681362839580326,0.8702635392752409,1.5098024090522635
2019-03-19,0.5338809034907598,41.549680851667354,0.15681362839580326,0.9737028358394308,1.6283123571278826
2019-03-19,0.5338809034907598,41.87488729525835,0.15681362839580326,1.085187748967133,1.7498188988598529
2019-03-19,0.5338809034907598,42.20009373884935,0.15681362839580326,1.2048787553923663,1.8743832818687984
2019-03-19,0.5338809034907598,42.52530018244034,0.15681362839580326,1.3329000748013176,2.0018662889779297
2019-03-19,0.5338809034907598,42.85050662603134,0.15681362839580326,1.4693388445422713,2.1317531352019716
2019-03-19,0.5338809034907598,43.17571306962233,0.15681362839580326,1.6142448083545275,2.263455077390524
2019-03-19,0.5338809034907598,43.500919513213326,0.15681362839580326,1.7676305067381826,2.3980681198180327
2019-03-19,0.5338809034907598,43.826125956804326,0.15681362839580326,1.929471946161165,2.5410506287608143
2019-03-19,0.5338809034907598,44.15133240039532,0.15681362839580326,2.099709715100534,2.692208938705509
2019-03-19,0.5338809034907598,44.47653884398632,0.15681362839580326,2.278250507131361,2.7992763778454197
2019-03-19,0.5338809034907598,44.80174528757731,0.15681362839580326,2.464969005032682,2.98416039928619
2019-03-19,0.5338809034907598,45.126951731168305,0.15681362839580326,2.659710075238067,3.1196009565964156
2019-03-19,0.5338809034907598,45.452158174759305,0.15681362839580326,2.8622912189198395,3.266776057040298
2019-03-19,0.5338809034907598,45.7773646183503,0.15681362839580326,3.07250522451028,3.4210911914580553
2019-03-19,0.5338809034907598,46.10257106194129,0.15681362839580326,3.2901229664335396,3.5774291255801534
2019-03-19,0.5338809034907598,46.42777750553229,0.15681362839580326,3.5148962961139603,3.7347652519974623
2019-03-19,0.5338809034907598,46.75298394912328,0.15681362839580326,3.746560973779374,3.8934629343994893
2019-03-19,0.5338809034907598,47.07819039271428,0.15681362839580326,3.9848395930086085,4.0538516303961565
2019-03-19,0.5338809034907598,47.40339683630528,0.15681362839580326,4.229444454190897,4.215979855047662
2019-03-19,0.5338809034907598,47.72860327989628,0.15681362839580326,4.480080347875358,4.379739850560044
2019-03-19,0.5338809034907598,48.05380972348727,0.15681362839580326,4.736447214201974,4.544996011672792
2019-03-19,0.5338809034907598,48.37901616707826,0.15681362839580326,4.998242650040893,4.711639129953372
2019-03-19,0.5338809034907598,48.70422261066926,0.15681362839580326,5.2651642409607575,4.879594617820207
2019-03-19,0.5338809034907598,49.029429054260255,0.15681362839580326,5.53691170055091,5.048864599825798
2019-03-27,0.5119780971937029,36.346377754211424,0.2203857743428373,0.3445873426439743,0.0
2019-03-27,0.5119780971937029,36.67158419780242,0.2203857743428373,0.38838712887050253,0.09070225104787774
2019-03-27,0.5119780971937029,36.99679064139342,0.2203857743428373,0.4362741359014306,0.18110554045845428
2019-03-27,0.5119780971937029,37.32199708498441,0.2203857743428373,0.48845728304381897,0.27165515766384085
2019-03-27,0.5119780971937029,37.64720352857541,0.2203857743428373,0.5451402666900762,0.3627538834892258
2019-03-27,0.5119780971937029,37.9724099721664,0.2203857743428373,0.6065202565084942,0.4547647012772048
2019-03-27,0.5119780971937029,38.297616415757396,0.2203857743428373,0.6727866414603216,0.5480217180977724
2019-03-27,0.5119780971937029,38.622822859348396,0.2203857743428373,0.7441198398342497,0.6428335693510921
2019-03-27,0.5119780971937029,38.94802930293939,0.2203857743428373,0.8206901862350602,0.7394821736245782
2019-03-27,0.5119780971937029,39.27323574653038,0.2203857743428373,0.9026569070307744,0.8382206440353039
2019-03-27,0.5119780971937029,39.59844219012138,0.2203857743428373,0.9901671941889987,0.9392723086000249
2019-03-27,0.5119780971937029,39.923648633712375,0.2203857743428373,1.0833553857574199,1.0428311074883134
2019-03-27,0.5119780971937029,40.248855077303375,0.2203857743428373,1.1823422595043525,1.1490623148869392
2019-03-27,0.5119780971937029,40.57406152089437,0.2203857743428373,1.287234444469414,1.2581015844225982
2019-03-27,0.5119780971937029,40.89926796448536,0.2203857743428373,1.3981239534180094,1.3700503453281894
2019-03-27,0.5119780971937029,41.22447440807636,0.2203857743428373,1.515087837478184,1.4849679662796704
2019-03-27,0.5119780971937029,41.549680851667354,0.2203857743428373,1.6381879625941327,1.6028674130419336
2019-03-27,0.5119780971937029,41.87488729525835,0.2203857743428373,1.767470905883041,1.7237307228045822
2019-03-27,0.5119780971937029,42.20009373884935,0.2203857743428373,1.9029679685516712,1.8475652347344815
2019-03-27,0.5119780971937029,42.52530018244034,0.2203857743428373,2.044695300734734,1.9744969509219978
2019-03-27,0.5119780971937029,42.85050662603134,0.2203857743428373,2.1926541324709063,2.104801036621954
2019-03-27,0.5119780971937029,43.17571306962233,0.2203857743428373,2.3468311040438827,2.2385813584952325
2019-03-27,0.5119780971937029,43.500919513213326,0.2203857743428373,2.507198688090334,2.374741000411304
2019-03-27,0.5119780971937029,43.826125956804326,0.2203857743428373,2.673715695215691,2.510094588399332
2019-03-27,0.5119780971937029,44.15133240039532,0.2203857743428373,2.8463278543602435,2.6462186233780356
2019-03-27,0.5119780971937029,44.47653884398632,0.2203857743428373,3.0249684588179058,2.8125852212982614
2019-03-27,0.5119780971937029,44.80174528757731,0.2203857743428373,3.209559068620333,2.935376003096865
2019-03-27,0.5119780971937029,45.126951731168305,0.2203857743428373,3.4000102599511948,3.091330837464062
2019-03-27,0.5119780971937029,45.452158174759305,0.2203857743428373,3.596222412337312,3.245372015185943
2019-03-27,0.5119780971937029,45.7773646183503,0.2203857743428373,3.7980865245632103,3.3983998586767536
2019-03-27,0.5119780971937029,46.10257106194129,0.2203857743428373,4.005485050560161,3.5531837762684053
2019-03-27,0.5119780971937029,46.42777750553229,0.2203857743428373,4.218292746915143,3.710473105450097
2019-03-27,0.5119780971937029,46.75298394912328,0.2203857743428373,4.436377524116548,3.870029978564677
2019-03-27,0.5119780971937029,47.07819039271428,0.2203857743428373,4.6596012941865546,4.031469734488816
2019-03-27,0.5119780971937029,47.40339683630528,0.2203857743428373,4.887820807932112,4.194521888151797
2019-03-27,0.5119780971937029,47.72860327989628,0.2203857743428373,5.120888475663779,4.359025287780953
2019-03-27,0.5119780971937029,48.05380972348727,0.2203857743428373,5.358653165872152,4.524871332666379
2019-03-27,0.5119780971937029,48.37901616707826,0.2203857743428373,5.600960977003737,4.691970187641653
2019-03-27,0.5119780971937029,48.70422261066926,0.2203857743428373,5.847655978131449,4.860241853587481
2019-03-27,0.5119780971937029,49.029429054260255,0.2203857743428373,6.098580914960159,5.029594423742992
2019-04-05,0.487337440109514,36.346377754211424,0.20422253205441612,0.2359447605590379,0.0
2019-04-05,0.487337440109514,36.67158419780242,0.20422253205441612,0.2708374725740721,0.08765421171267247
2019-04-05,0.487337440109514,36.99679064139342,0.20422253205441612,0.3096110063756292,0.17508828764597906
2019-04-05,0.487337440109514,37.32199708498441,0.20422253205441612,0.3525224874135713,0.26268742709916487
2019-04-05,0.487337440109514,37.64720352857541,0.20422253205441612,0.39982695790086176,0.35084277006658926
2019-04-05,0.487337440109514,37.9724099721664,0.20422253205441612,0.4517754708259627,0.43995362930623505
2019-04-05,0.487337440109514,38.297616415757396,0.20422253205441612,0.508613190519239,0.5304061670271129
2019-04-05,0.487337440109514,38.622822859348396,0.20422253205441612,0.5705775268013804,0.6225571286642048
2019-04-05,0.487337440109514,38.94802930293939,0.20422253205441612,0.6378963288604389,0.716725047045655
2019-04-05,0.487337440109514,39.27323574653038,0.20422253205441612,0.7107861635934878,0.8131863551784734
2019-04-05,0.487337440109514,39.59844219012138,0.20422253205441612,0.7894507012643412,0.9121742747677579
2019-04-05,0.487337440109514,39.923648633712375,0.20422253205441612,0.8740792290354733,1.0138798510141491
2019-04-05,0.487337440109514,40.248855077303375,0.20422253205441612,0.9648453103034242,1.1184558671724203
2019-04-05,0.487337440109514,40.57406152089437,0.20422253205441612,1.0619056048800264,1.2260248712992179
2019-04-05,0.487337440109514,40.89926796448536,0.20422253205441612,1.1653988619969624,1.3366911763777602
2019-04-05,0.487337440109514,41.22447440807636,0.20422253205441612,1.275445094947493,1.4505522869525096
2019-04-05,0.487337440109514,41.549680851667354,0.20422253205441612,1.3921449429939958,1.567697633844772
2019-04-05,0.487337440109514,41.87488729525835,0.20422253205441612,1.5155792230342158,1.6881756228716212
2019-04-05,0.487337440109514,42.20009373884935,0.20422253205441612,1.6458086704996386,1.811916712486293
2019-04-05,0.487337440109514,42.52530018244034,0.20422253205441612,1.7828738661128796,1.9386471839624164
2019-04-05,0.487337440109514,42.85050662603134,0.20422253205441612,1.9267953425072335,2.067947956134
2019-04-05,0.487337440109514,43.17571306962233,0.20422253205441612,2.077573862350029,2.1997814157825126
2019-04-05,0.487337440109514,43.500919513213326,0.20422253205441612,2.2351908575430564,2.3357111943658686
2019-04-05,0.487337440109514,43.826125956804326,0.20422253205441612,2.3996090173183866,2.479346767223392
2019-04-05,0.487337440109514,44.15133240039532,0.20422253205441612,2.570773011618517,2.6269360239100306
2019-04-05,0.487337440109514,44.47653884398632,0.20422253205441612,2.748610335049637,2.7416574875739395
2019-04-05,0.487337440109514,44.80174528757731,0.20422253205441612,2.9330322559202777,2.9201277981018894
2019-04-05,0.487337440109514,45.126951731168305,0.20422253205441612,3.1239348544149905,3.0613168395748565
2019-04-05,0.487337440109514,45.452158174759305,0.20422253205441612,3.3212001337848953,3.209038153573569
2019-04-05,0.487337440109514,45.7773646183503,0.20422253205441612,3.5246971885431364,3.3634061046905295
2019-04-05,0.487337440109514,46.10257106194129,0.20422253205441612,3.7342834140075674,3.5208195174530172
2019-04-05,0.487337440109514,46.42777750553229,0.20422253205441612,3.9498057421050703,3.679795036519462
2019-04-05,0.487337440109514,46.75298394912328,0.20422253205441612,4.171101889114144,3.8401991414574885
2019-04-05,0.487337440109514,47.07819039271428,0.20422253205441612,4.398001601940216,4.002239843094539
2019-04-05,0.487337440109514,47.40339683630528,0.20422253205441612,4.630327890563343,4.166045037577507
2019-04-05,0.487337440109514,47.72860327989628,0.20422253205441612,4.867898235437611,4.331593102039564
2019-04-05,0.487337440109514,48.05380972348727,0.20422253205441612,5.110525759827333,4.498755087798635
2019-04-05,0.487337440109514,48.37901616707826,0.20422253205441612,5.358020358309979,4.667339952557876
2019-04-05,0.487337440109514,48.70422261066926,0.20422253205441612,5.610189773933513,4.837124678448174
2019-04-05,0.487337440109514,49.029429054260255,0.20422253205441612,5.866840617764339,5.007905383122001
2019-04-15,0.459958932238193,36.346377754211424,0.18503911923726482,0.1368661030345395,0.0
2019-04-15,0.459958932238193,36.67158419780242,0.18503911923726482,0.16158600787231814,0.08487963620767942
2019-04-15,0.459958932238193,36.99679064139342,0.18503911923726482,0.18976056837496635,0.16919095430499495
2019-04-15,0.459958932238193,37.32199708498441,0.18503911923726482,0.22170353386886887,0.25351206139393695
2019-04-15,0.459958932238193,37.64720352857541,0.18503911923726482,0.2577340320211956,0.33841816459498325
2019-04-15,0.459958932238193,37.9724099721664,0.18503911923726482,0.29817389921160675,0.42441965452438024
2019-04-15,0.459958932238193,38.297616415757396,0.18503911923726482,0.3433448652412796,0.511956198802854
2019-04-15,0.459958932238193,38.622822859348396,0.18503911923726482,0.3935656404313237,0.6014047858342529
2019-04-15,0.459958932238193,38.94802930293939,0.18503911923726482,0.44914895581437886,0.6930896511870428
2019-04-15,0.459958932238193,39.27323574653038,0.18503911923726482,0.5103986083862706,0.7872906800708719
2019-04-15,0.459958932238193,39.59844219012138,0.18503911923726482,0.5776065632483425,0.8842489053814534
2019-04-15,0.459958932238193,39.923648633712375,0.18503911923726482,0.6510501629757215,0.984167930381726
2019-04-15,0.459958932238193,40.248855077303375,0.18503911923726482,0.7309894917771906,1.0872104036561043
2019-04-15,0.459958932238193,40.57406152089437,0.18503911923726482,0.8176649380951222,1.1934902398643308
2019-04-15,0.459958932238193,40.89926796448536,0.18503911923726482,0.9112949943874238,1.303065007481353
2019-04-15,0.459958932238193,41.22447440807636,0.18503911923726482,1.0120743271221713,1.4159388479860944
2019-04-15,0.459958932238193,41.549680851667354,0.18503911923726482,1.1201721436992162,1.532092052992408
2019-04-15,0.459958932238193,41.87488729525835,0.18503911923726482,1.2357308763008206,1.651551369191418
2019-04-15,0.459958932238193,42.20009373884935,0.18503911923726482,1.3588651957728946,1.7744892414171434
2019-04-15,0.459958932238193,42.52530018244034,0.18503911923726482,1.4896613617506382,1.901267335149212
2019-04-15,0.459958932238193,42.85050662603134,0.18503911923726482,1.628176908553577,2.032209896588588
2019-04-15,0.459958932238193,43.17571306962233,0.18503911923726482,1.7744406600521039,2.1667919349606217
2019-04-15,0.459958932238193,43.500919513213326,0.18503911923726482,1.9284530608943768,2.302293483455595
2019-04-15,0.459958932238193,43.826125956804326,0.18503911923726482,2.090186806294561,2.4342918765010286
2019-04-15,0.459958932238193,44.15133240039532,0.18503911923726482,2.2595877481112154,2.5699536017197326
2019-04-15,0.459958932238193,44.47653884398632,0.18503911923726482,2.4365760512474495,2.7566566847491965
2019-04-15,0.459958932238193,44.80174528757731,0.18503911923726482,2.6210475715154082,2.8601378501928614
2019-04-15,0.459958932238193,45.126951731168305,0.18503911923726482,2.812875424034086,3.020400664008704
2019-04-15,0.459958932238193,45.452158174759305,0.18503911923726482,3.011911709953978,3.1795817252883904
2019-04-15,0.459958932238193,45.7773646183503,0.18503911923726482,3.217989368787368,3.3349061516334273
2019-04-15,0.459958932238193,46.10257106194129,0.18503911923726482,3.4309241238153696,3.4904693860964433
2019-04-15,0.459958932238193,46.42777750553229,0.18503911923726482,3.650516488871876,3.6483860438092863
2019-04-15,0.459958932238193,46.75298394912328,0.18503911923726482,3.876553806193993,3.8089484486127785
2019-04-15,0.459958932238193,47.07819039271428,0.18503911923726482,4.108812286891311,3.9717774415570664
2019-04-15,0.459958932238193,47.40339683630528,0.18503911923726482,4.347059027834465,4.136467804785316
2019-04-15,0.459958932238193,47.72860327989628,0.18503911923726482,4.591053981308395,4.302785334896732
2019-04-15,0.459958932238193,48.05380972348727,0.18503911923726482,4.840551856529757,4.470657808584333
2019-04-15,0.459958932238193,48.37901616707826,0.18503911923726482,5.095303935009596,4.640107289620097
2019-04-15,0.459958932238193,48.70422261066926,0.18503911923726482,5.355059784674822,4.811171623536985
2019-04-15,0.459958932238193,49.029429054260255,0.18503911923726482,5.6195688605778855,4.983793909716049
2019-04-25,0.432580424366872,36.346377754211424,0.11446053291315658,0.005012020567409986,0.0
2019-04-25,0.432580424366872,36.67158419780242,0.11446053291315658,0.007264142480880809,0.08227037617285808
2019-04-25,0.432580424366872,36.99679064139342,0.11446053291315658,0.010371208123567344,0.1638458883086828
2019-04-25,0.432580424366872,37.32199708498441,0.11446053291315658,0.014593184576886409,0.2456250698038577
2019-04-25,0.432580424366872,37.64720352857541,0.11446053291315658,0.02024623118300084,0.32823130233223496
2019-04-25,0.432580424366872,37.9724099721664,0.11446053291315658,0.02770798873589242,0.4121537070894502
2019-04-25,0.432580424366872,38.297616415757396,0.11446053291315658,0.037421541614190534,0.4977986735558609
2019-04-25,0.432580424366872,38.622822859348396,0.11446053291315658,0.049897575046334186,0.5855115519741289
2019-04-25,0.432580424366872,38.94802930293939,0.11446053291315658,0.0657142846581995,0.675588917350241
2019-04-25,0.432580424366872,39.27323574653038,0.11446053291315658,0.08551467024644133,0.768288922666522
2019-04-25,0.432580424366872,39.59844219012138,0.11446053291315658,0.11000095885744887,0.8638423450893762
2019-04-25,0.432580424366872,39.923648633712375,0.11446053291315658,0.13992604822094945,0.9624637949111488
2019-04-25,0.432580424366872,40.248855077303375,0.11446053291315658,0.17608203112073895,1.064359088645383
2019-04-25,0.432580424366872,40.57406152089437,0.11446053291315658,0.21928604209122327,1.1697206701347638
2019-04-25,0.432580424366872,40.89926796448536,0.11446053291315658,0.27036384573430805,1.2786995615585266
2019-04-25,0.432580424366872,41.22447440807636,0.11446053291315658,0.3301317463044846,1.3913436026076667
2019-04-25,0.432580424366872,41.549680851667354,0.11446053291315658,0.3993775273830398,1.507505618412276
2019-04-25,0.432580424366872,41.87488729525835,0.11446053291315658,0.4788412172557557,1.6267641155271009
2019-04-25,0.432580424366872,42.20009373884935,0.11446053291315658,0.5691965123977436,1.7484762458617826
2019-04-25,0.432580424366872,42.52530018244034,0.11446053291315658,0.6710336749430699,1.8721933126944394
2019-04-25,0.432580424366872,42.85050662603134,0.11446053291315658,0.7848446514457024,1.9987314978425264
2019-04-25,0.432580424366872,43.17571306962233,0.11446053291315658,0.9110110452431428,2.1318854567703363
2019-04-25,0.432580424366872,43.500919513213326,0.11446053291315658,1.0497954226179402,2.279135494016556
2019-04-25,0.432580424366872,43.826125956804326,0.11446053291315658,1.2013362556833194,2.444139365318062
2019-04-25,0.432580424366872,44.15133240039532,0.11446053291315658,1.3656466159098386,2.587814092519041
2019-04-25,0.432580424366872,44.47653884398632,0.11446053291315658,1.5426165450338942,2.5829570829812103
2019-04-25,0.432580424366872,44.80174528757731,0.11446053291315658,1.7320188572824478,2.8933792814545503
2019-04-25,0.432580424366872,45.126951731168305,0.11446053291315658,1.933517978915905,3.0289340903763873
2019-04-25,0.432580424366872,45.452158174759305,0.11446053291315658,2.1466813157946127,3.1569195863240918
2019-04-25,0.432580424366872,45.7773646183503,0.11446053291315658,2.3709925616543366,3.3024889792776326
2019-04-25,0.432580424366872,46.10257106194129,0.11446053291315658,2.605866320493959,3.460042528088163
2019-04-25,0.432580424366872,46.42777750553229,0.11446053291315658,2.850663414463881,3.6225626016977337
2019-04-25,0.432580424366872,46.75298394912328,0.11446053291315658,3.1047062799565097,3.786490233762735
2019-04-25,0.432580424366872,47.07819039271428,0.11446053291315658,3.367293913462504,3.950814214615073
2019-04-25,0.432580424366872,47.40339683630528,0.11446053291315658,3.637715908242761,4.115658026319937
2019-04-25,0.432580424366872,47.72860327989628,0.11446053291315658,3.915265215596854,4.281428077528482
2019-04-25,0.432580424366872,48.05380972348727,0.11446053291315658,4.1992493632719885,4.448470445841215
2019-04-25,0.432580424366872,48.37901616707826,0.11446053291315658,4.488999961819005,4.617018597639657
2019-04-25,0.432580424366872,48.70422261066926,0.11446053291315658,4.783880421975532,4.787286761103909
2019-04-25,0.432580424366872,49.029429054260255,0.11446053291315658,5.083291888223698,4.959669229971446
2019-05-03,0.4106776180698152,36.346377754211424,0.21004035333907028,0.18265185998405498,0.0
2019-05-03,0.4106776180698152,36.67158419780242,0.21004035333907028,0.21227664395271528,0.07903604401365015
2019-05-03,0.4106776180698152,36.99679064139342,0.21004035333907028,0.24556745595575435,0.15804876784147454
2019-05-03,0.4106776180698152,37.32199708498441,0.21004035333907028,0.28280714063715706,0.23759496241371314
2019-05-03,0.4106776180698152,37.64720352857541,0.21004035333907028,0.3242796079694843,0.3181708043035312
2019-05-03,0.4106776180698152,37.9724099721664,0.21004035333907028,0.37026758713385455,0.40021815244089987
2019-05-03,0.4106776180698152,38.297616415757396,0.21004035333907028,0.421050330380333,0.48412921869782405
2019-05-03,0.4106776180698152,38.622822859348396,0.21004035333907028,0.47690130278603515,0.5702486791777731
2019-05-03,0.4106776180698152,38.94802930293939,0.21004035333907028,0.5380858940405719,0.658873996888416
2019-05-03,0.4106776180698152,39.27323574653038,0.21004035333907028,0.6048591877458183,0.7502555845654048
2019-05-03,0.4106776180698152,39.59844219012138,0.21004035333907028,0.677463822263034,0.8445989761257866
2019-05-03,0.4106776180698152,39.923648633712375,0.21004035333907028,0.7561279749428476,0.9420714266051924
2019-05-03,0.4106776180698152,40.248855077303375,0.21004035333907028,0.8410634987181282,1.042814993243278
2019-05-03,0.4106776180698152,40.57406152089437,0.21004035333907028,0.9324642366294178,1.1469665268221059
2019-05-03,0.4106776180698152,40.89926796448536,0.21004035333907028,1.0305045359995013,1.2546812579364999
2019-05-03,0.4106776180698152,41.22447440807636,0.21004035333907028,1.1353379797973506,1.3661499637033039
2019-05-03,0.4106776180698152,41.549680851667354,0.21004035333907028,1.2470963483533861,1.4815899225354618
2019-05-03,0.4106776180698152,41.87488729525835,0.21004035333907028,1.3658888201270827,1.6011791246858482
2019-05-03,0.4106776180698152,42.20009373884935,0.21004035333907028,1.4918014157979727,1.7248989893007345
2019-05-03,0.4106776180698152,42.52530018244034,0.21004035333907028,1.6248966856568856,1.852271991328141
2019-05-03,0.4106776180698152,42.85050662603134,0.21004035333907028,1.7652136362094097,1.9820683055234292
2019-05-03,0.4106776180698152,43.17571306962233,0.21004035333907028,1.9127678881480783,2.112292761133287
2019-05-03,0.4106776180698152,43.500919513213326,0.21004035333907028,2.0675520544698287,2.241308178936986
2019-05-03,0.4106776180698152,43.826125956804326,0.21004035333907028,2.22953632456111,2.3720931146228987
2019-05-03,0.4106776180698152,44.15133240039532,0.21004035333907028,2.398669237580105,2.5238852609481084
2019-05-03,0.4106776180698152,44.47653884398632,0.21004035333907028,2.574878626454698,2.73272751306597
2019-05-03,0.4106776180698152,44.80174528757731,0.21004035333907028,2.7580727122917246,2.8130824243397248
2019-05-03,0.4106776180698152,45.126951731168305,0.21004035333907028,2.948141327952701,2.9609348512007614
2019-05-03,0.4106776180698152,45.452158174759305,0.21004035333907028,3.1449572489745847,3.1240587850211425
2019-05-03,0.4106776180698152,45.7773646183503,0.21004035333907028,3.3483776098752713,3.2872703637514977
2019-05-03,0.4106776180698152,46.10257106194129,0.21004035333907028,3.5582453841459696,3.448383269910843
2019-05-03,0.4106776180698152,46.42777750553229,0.21004035333907028,3.7743909068561727,3.608683146033266
2019-05-03,0.4106776180698152,46.75298394912328,0.21004035333907028,3.9966334197352325,3.7696488916840343
2019-05-03,0.4106776180698152,47.07819039271428,0.21004035333907028,4.224782619799143,3.9321464319149086
2019-05-03,0.4106776180698152,47.40339683630528,0.21004035333907028,4.458640194013842,4.096463840549317
2019-05-03,0.4106776180698152,47.72860327989628,0.21004035333907028,4.698001324075623,4.262540413030781
2019-05-03,0.4106776180698152,48.05380972348727,0.21004035333907028,4.942656147100578,4.430169876136891
2019-05-03,0.4106776180698152,48.37901616707826,0.21004035333907028,5.192391159800273,4.599128240566292
2019-05-03,0.4106776180698152,48.70422261066926,0.21004035333907028,5.446990555540616,4.769234041548778
2019-05-03,0.4106776180698152,49.029429054260255,0.21004035333907028,5.706237485495663,4.9403599727512315
2019-05-14,0.3805612594113621,36.346377754211424,0.3212980700651765,0.6881375123626849,0.0
2019-05-14,0.3805612594113621,36.67158419780242,0.3212980700651765,0.7519066231398162,0.07089971636586818
2019-05-14,0.3805612594113621,36.99679064139342,0.3212980700651765,0.8197771781396384,0.14212149542903468
2019-05-14,0.3805612594113621,37.32199708498441,0.3212980700651765,0.8918626584392921,0.21419356645285706
2019-05-14,0.3805612594113621,37.64720352857541,0.3212980700651765,0.9682701824102686,0.2876089678948068
2019-05-14,0.3805612594113621,37.9724099721664,0.3212980700651765,1.0491001111795164,0.3628262152078233
2019-05-14,0.3805612594113621,38.297616415757396,0.3212980700651765,1.1344456979546589,0.44026861005133017
2019-05-14,0.3805612594113621,38.622822859348396,0.3212980700651765,1.2243927826047294,0.5203232648183662
2019-05-14,0.3805612594113621,38.94802930293939,0.3212980700651765,1.3190195324032565,0.6033399159926229
2019-05-14,0.3805612594113621,39.27323574653038,0.3212980700651765,1.4183962293722292,0.6896290514363439
2019-05-14,0.3805612594113621,39.59844219012138,0.3212980700651765,1.5225851042183454,0.7794586685762024
2019-05-14,0.3805612594113621,39.923648633712375,0.3212980700651765,1.6316402164316326,0.8730491384010262
2019-05-14,0.3805612594113621,40.248855077303375,0.3212980700651765,1.7456073797249445,0.97056629173182
2019-05-14,0.3805612594113621,40.57406152089437,0.3212980700651765,1.8645241316326953,1.0721141291200815
2019-05-14,0.3805612594113621,40.89926796448536,0.3212980700651765,1.9884197457626058,1.1777306007521162
2019-05-14,0.3805612594113621,41.22447440807636,0.3212980700651765,2.1173152849047234,1.2873926155236566
2019-05-14,0.3805612594113621,41.549680851667354,0.3212980700651765,2.251223692949914,1.4010392002236502
2019-05-14,0.3805612594113621,41.87488729525835,0.3212980700651765,2.3901499233548797,1.5186228156093335
2019-05-14,0.3805612594113621,42.20009373884935,0.3212980700651765,2.534091101712402,1.6401943965679737
2019-05-14,0.3805612594113621,42.52530018244034,0.3212980700651765,2.6830367198435994,1.7660100111532073
2019-05-14,0.3805612594113621,42.85050662603134,0.3212980700651765,2.8369688587218,1.8966016869710036
2019-05-14,0.3805612594113621,43.17571306962233,0.3212980700651765,2.9958624374638845,2.0326560854215123
2019-05-14,0.3805612594113621,43.500919513213326,0.3212980700651765,3.1596854855831076,2.1743475980969946
2019-05-14,0.3805612594113621,43.826125956804326,0.3212980700651765,3.328399435684659,2.3194017692101356
2019-05-14,0.3805612594113621,44.15133240039532,0.3212980700651765,3.5019594338002733,2.458496542186168
2019-05-14,0.3805612594113621,44.47653884398632,0.3212980700651765,3.6803146645975175,2.57699746281791
2019-05-14,0.3805612594113621,44.80174528757731,0.3212980700651765,3.8634086887616554,2.76039279792851
2019-05-14,0.3805612594113621,45.126951731168305,0.3212980700651765,4.051179789929666,2.9178281156024637
2019-05-14,0.3805612594113621,45.452158174759305,0.3212980700651765,4.24356132865525,3.070867986756456
2019-05-14,0.3805612594113621,45.7773646183503,0.3212980700651765,4.440482100997368,3.226616270001014
2019-05-14,0.3805612594113621,46.10257106194129,0.3212980700651765,4.641866699451448,3.386446480109122
2019-05-14,0.3805612594113621,46.42777750553229,0.3212980700651765,4.847635874078215,3.549840081778462
2019-05-14,0.3805612594113621,46.75298394912328,0.3212980700651765,5.0577068918293975,3.7159166212724717
2019-05-14,0.3805612594113621,47.07819039271428,0.3212980700651765,5.271993892219054,3.8839375873083504
2019-05-14,0.3805612594113621,47.40339683630528,0.3212980700651765,5.490408237642253,4.053396006644231
2019-05-14,0.3805612594113621,47.72860327989628,0.3212980700651765,5.712858856798299,4.223968106639076
2019-05-14,0.3805612594113621,48.05380972348727,0.3212980700651765,5.939252579830541,4.395441175005078
2019-05-14,0.3805612594113621,48.37901616707826,0.3212980700651765,6.169494463948716,4.56765743035007
2019-05-14,0.3805612594113621,48.70422261066926,0.3212980700651765,6.403488108451253,4.740482486846487
2019-05-14,0.3805612594113621,49.029429054260255,0.3212980700651765,6.641135958211802,4.913795929084159
2019-05-22,0.3586584531143053,36.346377754211424,0.3355807855506715,0.712811254891057,0.0
2019-05-22,0.3586584531143053,36.67158419780242,0.3355807855506715,0.77769625295916,0.061697521509161066
2019-05-22,0.3586584531143053,36.99679064139342,0.3355807855506715,0.8466667303567617,0.1238582023175473
2019-05-22,0.3586584531143053,37.32199708498441,0.3355807855506715,0.919831480848841,0.18711566083131984
2019-05-22,0.3586584531143053,37.64720352857541,0.3355807855506715,0.9972930166356697,0.25206301860716596
2019-05-22,0.3586584531143053,37.9724099721664,0.3355807855506715,1.0791472071750654,0.31924361620163233
2019-05-22,0.3586584531143053,38.297616415757396,0.3355807855506715,1.1654829600779433,0.38914547366433894
2019-05-22,0.3586584531143053,38.622822859348396,0.3355807855506715,1.2563819451832785,0.46219887231453355
2019-05-22,0.3586584531143053,38.94802930293939,0.3355807855506715,1.3519183624751037,0.5387769173523986
2019-05-22,0.3586584531143053,39.27323574653038,0.3355807855506715,1.4521587540777023,0.6191990844470486
2019-05-22,0.3586584531143053,39.59844219012138,0.3355807855506715,1.5571618601602406,0.7037375748175853
2019-05-22,0.3586584531143053,39.923648633712375,0.3355807855506715,1.6669785182026189,0.7926257783163407
2019-05-22,0.3586584531143053,40.248855077303375,0.3355807855506715,1.7816516047233542,0.8860672410493122
2019-05-22,0.3586584531143053,40.57406152089437,0.3355807855506715,1.9012160182495315,0.9842422626903143
2019-05-22,0.3586584531143053,40.89926796448536,0.3355807855506715,2.025698702020909,1.0873077398766915
2019-05-22,0.3586584531143053,41.22447440807636,0.3355807855506715,2.155118704665419,1.1953845151376434
2019-05-22,0.3586584531143053,41.549680851667354,0.3355807855506715,2.2894872768628076,1.3085261635227168
2019-05-22,0.3586584531143053,41.87488729525835,0.3355807855506715,2.428808001826262,1.4266655983432992
2019-05-22,0.3586584531143053,42.20009373884935,0.3355807855506715,2.5730769572790813,1.5495443350803297
2019-05-22,0.3586584531143053,42.52530018244034,0.3355807855506715,2.7222829064830627,1.6766494152964908
2019-05-22,0.3586584531143053,42.85050662603134,0.3355807855506715,2.8764075157865143,1.8072245575975003
2019-05-22,0.3586584531143053,43.17571306962233,0.3355807855506715,3.03542559610138,1.9405011437333064
2019-05-22,0.3586584531143053,43.500919513213326,0.3355807855506715,3.1993053656884136,2.07643724822689
2019-05-22,0.3586584531143053,43.826125956804326,0.3355807855506715,3.3680087316254514,2.217500676513721
2019-05-22,0.3586584531143053,44.15133240039532,0.3355807855506715,3.5414915873541872,2.3724502624369253
2019-05-22,0.3586584531143053,44.47653884398632,0.3355807855506715,3.719704123743025,2.553165615118343
2019-05-22,0.3586584531143053,44.80174528757731,0.3355807855506715,3.9025911511657156,2.6757707104473343
2019-05-22,0.3586584531143053,45.126951731168305,0.3355807855506715,4.09009243017508,2.8287108790091247
2019-05-22,0.3586584531143053,45.452158174759305,0.3355807855506715,4.282143008445583,2.9924889987852414
2019-05-22,0.3586584531143053,45.7773646183503,0.3355807855506715,4.478673561766254,3.1595886930677715
2019-05-22,0.3586584531143053,46.10257106194129,0.3355807855506715,4.679610736983793,3.3277256509691515
2019-05-22,0.3586584531143053,46.42777750553229,0.3355807855506715,4.884877494922392,3.4966259404476197
2019-05-22,0.3586584531143053,46.75298394912328,0.3355807855506715,5.094393451440343,3.666592252271233
2019-05-22,0.3586584531143053,47.07819039271428,0.3355807855506715,5.308075214922042,3.837938787574932
2019-05-22,0.3586584531143053,47.40339683630528,0.3355807855506715,5.525836718644449,4.010821699218719
2019-05-22,0.3586584531143053,47.72860327989628,0.3355807855506715,5.7475895466005795,4.18523057211461
2019-05-22,0.3586584531143053,48.05380972348727,0.3355807855506715,5.9732432515041864,4.361030998373637
2019-05-22,0.3586584531143053,48.37901616707826,0.3355807855506715,6.20270566384141,4.538011250327069
2019-05-22,0.3586584531143053,48.70422261066926,0.3355807855506715,6.43588319097319,4.715916376607254
2019-05-22,0.3586584531143053,49.029429054260255,0.3355807855506715,6.672681105427529,4.89446657238144
2019-06-03,0.3258042436687201,36.346377754211424,0.2787770294023744,0.33947798548009445,0.0
2019-06-03,0.3258042436687201,36.67158419780242,0.2787770294023744,0.3824350798844893,0.04703945712116935
2019-06-03,0.3258042436687201,36.99679064139342,0.2787770294023744,0.42938911475554065,0.09471923842999891
2019-06-03,0.3258042436687201,37.32199708498441,0.2787770294023744,0.4805450990716338,0.14384286374497457
2019-06-03,0.3258042436687201,37.64720352857541,0.2787770294023744,0.5361032384504592,0.1951650202206864
2019-06-03,0.3258042436687201,37.9724099721664,0.2787770294023744,0.5962576818160885,0.2493912161470428
2019-06-03,0.3258042436687201,38.297616415757396,0.2787770294023744,0.6611953127330592,0.30717302983993805
2019-06-03,0.3258042436687201,38.622822859348396,0.2787770294023744,0.7310945988637627,0.3690997054606892
2019-06-03,0.3258042436687201,38.94802930293939,0.2787770294023744,0.8061245118736213,0.43568691168454143
2019-06-03,0.3258042436687201,39.27323574653038,0.2787770294023744,0.8864435288074652,0.5073638396474894
2019-06-03,0.3258042436687201,39.59844219012138,0.2787770294023744,0.972198724524798,0.5844604483480204
2019-06-03,0.3258042436687201,39.923648633712375,0.2787770294023744,1.0635249632459605,0.6671975417216977
2019-06-03,0.3258042436687201,40.248855077303375,0.2787770294023744,1.160544195661247,0.7556834146667466
2019-06-03,0.3258042436687201,40.57406152089437,0.2787770294023744,1.26336486642413,0.8499218698716964
2019-06-03,0.3258042436687201,40.89926796448536,0.2787770294023744,1.3720814352207675,0.9498371280132344
2019-06-03,0.3258042436687201,41.22447440807636,0.2787770294023744,1.4867740130110327,1.0553208389477207
2019-06-03,0.3258042436687201,41.549680851667354,0.2787770294023744,1.6075081134980564,1.166303789611504
2019-06-03,0.3258042436687201,41.87488729525835,0.2787770294023744,1.734334518428403,1.2828477981765296
2019-06-03,0.3258042436687201,42.20009373884935,0.2787770294023744,1.8672892539729382,1.4052379806501132
2019-06-03,0.3258042436687201,42.52530018244034,0.2787770294023744,2.0063936742067625,1.5340259912839662
2019-06-03,0.3258042436687201,42.85050662603134,0.2787770294023744,2.1516546466074864,1.6699211732460073
2019-06-03,0.3258042436687201,43.17571306962233,0.2787770294023744,2.303064833534094,1.8133332869210848
2019-06-03,0.3258042436687201,43.500919513213326,0.2787770294023744,2.460603062839734,1.963213350283124
2019-06-03,0.3258042436687201,43.826125956804326,0.2787770294023744,2.62423478011225,2.1145806609050624
2019-06-03,0.3258042436687201,44.15133240039532,0.2787770294023744,2.793912574526928,2.2537069928994073
2019-06-03,0.3258042436687201,44.47653884398632,0.2787770294023744,2.9695767699319546,2.364609097228509
2019-06-03,0.3258042436687201,44.80174528757731,0.2787770294023744,3.1511560725632854,2.5744688311492023
2019-06-03,0.3258042436687201,45.126951731168305,0.2787770294023744,3.3385682666940575,2.7476458109628212
2019-06-03,0.3258042436687201,45.452158174759305,0.2787770294023744,3.531720949554689,2.9106516937063254
2019-06-03,0.3258042436687201,45.7773646183503,0.2787770294023744,3.730512297002239,3.074352422549055
2019-06-03,0.3258042436687201,46.10257106194129,0.2787770294023744,3.9348318516606966,3.2422319789148593
2019-06-03,0.3258042436687201,46.42777750553229,0.2787770294023744,4.144561325583364,3.414608538027091
2019-06-03,0.3258042436687201,46.75298394912328,0.2787770294023744,4.359575409893981,3.5906800748026027
2019-06-03,0.3258042436687201,47.07819039271428,0.2787770294023744,4.579742584329953,3.769440153086331
2019-06-03,0.3258042436687201,47.40339683630528,0.2787770294023744,4.804925920127573,3.9500305908589115
2019-06-03,0.3258042436687201,47.72860327989628,0.2787770294023744,5.0349838702435825,4.131831986368479
2019-06-03,0.3258042436687201,48.05380972348727,0.2787770294023744,5.269771041487186,4.314446333437679
2019-06-03,0.3258042436687201,48.37901616707826,0.2787770294023744,5.50913894373258,4.497646485238069
2019-06-03,0.3258042436687201,48.70422261066926,0.2787770294023744,5.752936711982972,4.681325364481474
2019-06-03,0.3258042436687201,49.029429054260255,0.2787770294023744,6.001011797655085,4.865456656421614
2019-06-11,0.30390143737166325,36.346377754211424,0.33542186249602507,0.5528250224339288,0.0
2019-06-11,0.30390143737166325,36.67158419780242,0.33542186249602507,0.6093443358654245,0.036444999445078216
2019-06-11,0.30390143737166325,36.99679064139342,0.33542186249602507,0.6699559277460914,0.07353720404744675
2019-06-11,0.30390143737166325,37.32199708498441,0.33542186249602507,0.7348001690505352,0.11202396657179753
2019-06-11,0.30390143737166325,37.64720352857541,0.33542186249602507,0.8040111226470117,0.15264233671604033
2019-06-11,0.30390143737166325,37.9724099721664,0.33542186249602507,0.8777159368936722,0.1961232201858874
2019-06-11,0.30390143737166325,38.297616415757396,0.33542186249602507,0.9560342890839308,0.2431932313479456
2019-06-11,0.30390143737166325,38.622822859348396,0.33542186249602507,1.0390778823764748,0.29457341406818377
2019-06-11,0.30390143737166325,38.94802930293939,0.33542186249602507,1.1269499991401482,0.3509739443246485
2019-06-11,0.30390143737166325,39.27323574653038,0.33542186249602507,1.219745112936419,0.41308385747639464
2019-06-11,0.30390143737166325,39.59844219012138,0.33542186249602507,1.3175485606617467,0.48155480150913843
2019-06-11,0.30390143737166325,39.923648633712375,0.33542186249602507,1.4204362756905393,0.5569778674839415
2019-06-11,0.30390143737166325,40.248855077303375,0.33542186249602507,1.5284745822037102,0.6398527888553819
2019-06-11,0.30390143737166325,40.57406152089437,0.33542186249602507,1.6417200502669704,0.7305493888504258
2019-06-11,0.30390143737166325,40.89926796448536,0.33542186249602507,1.7602194106426552,0.8292623350049445
2019-06-11,0.30390143737166325,41.22447440807636,0.33542186249602507,1.8840095277848565,0.9359624128029448
2019-06-11,0.30390143737166325,41.549680851667354,0.33542186249602507,2.013117428983806,1.0503512407445985
2019-06-11,0.30390143737166325,41.87488729525835,0.33542186249602507,2.147560387194847,1.17183250685427
2019-06-11,0.30390143737166325,42.20009373884935,0.33542186249602507,2.2873460547121027,1.2995227547206578
2019-06-11,0.30390143737166325,42.52530018244034,0.33542186249602507,2.43247264452749,1.4323404980998182
2019-06-11,0.30390143737166325,42.85050662603134,0.33542186249602507,2.58292915595257,1.5692369925704768
2019-06-11,0.30390143737166325,43.17571306962233,0.33542186249602507,2.7386956408726704,1.7096697736947055
2019-06-11,0.30390143737166325,43.500919513213326,0.33542186249602507,2.899743506847951,1.8544776086477748
2019-06-11,0.30390143737166325,43.826125956804326,0.33542186249602507,3.066035853172952,2.007402360119014
2019-06-11,0.30390143737166325,44.15133240039532,0.33542186249602507,3.237527835951173,2.1776333649793838
2019-06-11,0.30390143737166325,44.47653884398632,0.33542186249602507,3.414167058231719,2.373339166821465
2019-06-11,0.30390143737166325,44.80174528757731,0.33542186249602507,3.595893981286771,2.499185917644873
2019-06-11,0.30390143737166325,45.126951731168305,0.33542186249602507,3.782642353178659,2.6560466395418416
2019-06-11,0.30390143737166325,45.452158174759305,0.33542186249602507,3.9743396508685507,2.8269042310542063
2019-06-11,0.30390143737166325,45.7773646183503,0.33542186249602507,4.170907532252119,3.0034880122517023
2019-06-11,0.30390143737166325,46.10257106194129,0.33542186249602507,4.372262294666392,3.1822320538743205
2019-06-11,0.30390143737166325,46.42777750553229,0.33542186249602507,4.578315336591984,3.3619533489948847
2019-06-11,0.30390143737166325,46.75298394912328,0.33542186249602507,4.78897361947319,3.5425514939725558
2019-06-11,0.30390143737166325,47.07819039271428,0.33542186249602507,5.0041401267900305,3.7243082814944373
2019-06-11,0.30390143737166325,47.40339683630528,0.33542186249602507,5.223714317737972,3.907534136895634
2019-06-11,0.30390143737166325,47.72860327989628,0.33542186249602507,5.447592573100508,4.092410721672923
2019-06-11,0.30390143737166325,48.05380972348727,0.33542186249602507,5.675668631131508,4.278941011351846
2019-06-11,0.30390143737166325,48.37901616707826,0.33542186249602507,5.907834011498451,4.466955468384697
2019-06-11,0.30390143737166325,48.70422261066926,0.33542186249602507,6.1439784255687435,4.656145202329243
2019-06-11,0.30390143737166325,49.029429054260255,0.33542186249602507,6.383990171549499,4.846106119765722
2019-06-20,0.2792607802874743,36.346377754211424,0.23205109831592766,0.11509439585210668,0.0
2019-06-20,0.2792607802874743,36.67158419780242,0.23205109831592766,0.1368946387621679,0.026975888296113422
2019-06-20,0.2792607802874743,36.99679064139342,0.23205109831592766,0.16191665314596504,0.05442670746393221
2019-06-20,0.2792607802874743,37.32199708498441,0.23205109831592766,0.19047720225302944,0.08299294833202134
2019-06-20,0.2792607802874743,37.64720352857541,0.23205109831592766,0.22290121638440707,0.1133148168595035
2019-06-20,0.2792607802874743,37.9724099721664,0.23205109831592766,0.2595191397512764,0.1460453284195375
2019-06-20,0.2792607802874743,38.297616415757396,0.23205109831592766,0.3006640720184244,0.1818624645405559
2019-06-20,0.2792607802874743,38.622822859348396,0.23205109831592766,0.34666875304448563,0.22148035186021156
2019-06-20,0.2792607802874743,38.94802930293939,0.23205109831592766,0.39786244380097635,0.2656592869358869
2019-06-20,0.2792607802874743,39.27323574653038,0.23205109831592766,0.45456775942130534,0.31521420313352366
2019-06-20,0.2792607802874743,39.59844219012138,0.23205109831592766,0.5170975117246677,0.3710208247567562
2019-06-20,0.2792607802874743,39.923648633712375,0.23205109831592766,0.5857516183646236,0.43401822190444034
2019-06-20,0.2792607802874743,40.248855077303375,0.23205109831592766,0.6608141340127816,0.5052056775276828
2019-06-20,0.2792607802874743,40.57406152089437,0.23205109831592766,0.742550455803034,0.5856305695806757
2019-06-20,0.2792607802874743,40.89926796448536,0.23205109831592766,0.8312047507776565,0.6763621521655395
2019-06-20,0.2792607802874743,41.22447440807636,0.23205109831592766,0.9269976474771493,0.7784433871521921
2019-06-20,0.2792607802874743,41.549680851667354,0.23205109831592766,1.0301242273155413,0.8928088834580957
2019-06-20,0.2792607802874743,41.87488729525835,0.23205109831592766,1.1407523442140093,1.0201508835586128
2019-06-20,0.2792607802874743,42.20009373884935,0.23205109831592766,1.2590212933704343,1.160706123320704
2019-06-20,0.2792607802874743,42.52530018244034,0.23205109831592766,1.385040842261489,1.3139228562297003
2019-06-20,0.2792607802874743,42.85050662603134,0.23205109831592766,1.5188906292383528,1.4779472927290138
2019-06-20,0.2792607802874743,43.17571306962233,0.23205109831592766,1.660619927601143,1.6488391229069441
2019-06-20,0.2792607802874743,43.500919513213326,0.23205109831592766,1.8102477660110772,1.8193822531349089
2019-06-20,0.2792607802874743,43.826125956804326,0.23205109831592766,1.9677633896848725,1.9772929997761581
2019-06-20,0.2792607802874743,44.15133240039532,0.23205109831592766,2.133127041143588,2.10253450529006
2019-06-20,0.2792607802874743,44.47653884398632,0.23205109831592766,2.3062710344547703,2.185434676144579
2019-06-20,0.2792607802874743,44.80174528757731,0.23205109831592766,2.487101092976264,2.4429650001718066
2019-06-20,0.2792607802874743,45.126951731168305,0.23205109831592766,2.6754979176131997,2.6428240631655084
2019-06-20,0.2792607802874743,45.452158174759305,0.23205109831592766,2.8713189505377983,2.81384317910915
2019-06-20,0.2792607802874743,45.7773646183503,0.23205109831592766,3.074400298167884,2.9733267656603295
2019-06-20,0.2792607802874743,46.10257106194129,0.23205109831592766,3.284558776905115,3.1313344223284143
2019-06-20,0.2792607802874743,46.42777750553229,0.23205109831592766,3.501594045628085,3.2933908176174227
2019-06-20,0.2792607802874743,46.75298394912328,0.23205109831592766,3.725290790134487,3.4622007194203346
2019-06-20,0.2792607802874743,47.07819039271428,0.23205109831592766,3.955420926535048,3.638733261331084
2019-06-20,0.2792607802874743,47.40339683630528,0.23205109831592766,4.191745792918169,3.82290571983236
2019-06-20,0.2792607802874743,47.72860327989628,0.23205109831592766,4.434018301323704,4.014012862676689
2019-06-20,0.2792607802874743,48.05380972348727,0.23205109831592766,4.681985025082177,4.210994798131968
2019-06-20,0.2792607802874743,48.37901616707826,0.23205109831592766,4.935388199793628,4.412602672913941
2019-06-20,0.2792607802874743,48.70422261066926,0.23205109831592766,5.1939676195421285,4.617500329350987
2019-06-20,0.2792607802874743,49.029429054260255,0.23205109831592766,5.457462413283828,4.824326631412092
2019-06-28,0.25735797399041754,36.346377754211424,0.22347462854250694,0.0770508809594399,0.0
2019-06-28,0.25735797399041754,36.67158419780242,0.22347462854250694,0.09367753529455891,0.022605173922261444
2019-06-28,0.25735797399041754,36.99679064139342,0.22347462854250694,0.11314896420387432,0.045603080034213844
2019-06-28,0.25735797399041754,37.32199708498441,0.22347462854250694,0.13580311732517725,0.06953520986279009
2019-06-28,0.25735797399041754,37.64720352857541,0.22347462854250694,0.16199340061177558,0.09494247856151009
2019-06-28,0.25735797399041754,37.9724099721664,0.22347462854250694,0.1920858903653211,0.12237747082023089
2019-06-28,0.25735797399041754,38.297616415757396,0.22347462854250694,0.22645614973744976,0.15241603584895402
2019-06-28,0.25735797399041754,38.622822859348396,0.22347462854250694,0.2654857002821229,0.18566852965709274
2019-06-28,0.25735797399041754,38.94802930293939,0.22347462854250694,0.30955821241844106,0.22279096471446735
2019-06-28,0.25735797399041754,39.27323574653038,0.22347462854250694,0.3590554880002488,0.2644962982836591
2019-06-28,0.25735797399041754,39.59844219012138,0.22347462854250694,0.41435331522686614,0.31156606951195986
2019-06-28,0.25735797399041754,39.923648633712375,0.22347462854250694,0.4758172806175205,0.3648625803990031
2019-06-28,0.25735797399041754,40.248855077303375,0.22347462854250694,0.5437986245721049,0.425341805944032
2019-06-28,0.25735797399041754,40.57406152089437,0.22347462854250694,0.6186302261320247,0.4940672132896271
2019-06-28,0.25735797399041754,40.89926796448536,0.22347462854250694,0.7006227990290572,0.5722246678669315
2019-06-28,0.25735797399041754,41.22447440807636,0.22347462854250694,0.7900613751621695,0.6611386059086084
2019-06-28,0.25735797399041754,41.549680851667354,0.22347462854250694,0.8872021435569213,0.7622896568450361
2019-06-28,0.25735797399041754,41.87488729525835,0.22347462854250694,0.9922697029963192,0.8773339057457925
2019-06-28,0.25735797399041754,42.20009373884935,0.22347462854250694,1.1054547752731523,1.0081239948973242
2019-06-28,0.25735797399041754,42.52530018244034,0.22347462854250694,1.226912413841525,1.1567322746652717
2019-06-28,0.25735797399041754,42.85050662603134,0.22347462854250694,1.356760729987979,1.325476226872834
2019-06-28,0.25735797399041754,43.17571306962233,0.22347462854250694,1.495080145938438,1.5169463989726721
2019-06-28,0.25735797399041754,43.500919513213326,0.22347462854250694,1.6419131719780253,1.734037104271386
2019-06-28,0.25735797399041754,43.826125956804326,0.22347462854250694,1.7972646930549985,1.9799801623836126
2019-06-28,0.25735797399041754,44.15133240039532,0.22347462854250694,1.9611027397822696,2.258381974972986
2019-06-28,0.25735797399041754,44.47653884398632,0.22347462854250694,2.133359709494382,2.54941362790328
2019-06-28,0.25735797399041754,44.80174528757731,0.22347462854250694,2.313933995249691,2.5792603053271725
2019-06-28,0.25735797399041754,45.126951731168305,0.22347462854250694,2.502691974508611,2.643637104892115
2019-06-28,0.25735797399041754,45.452158174759305,0.22347462854250694,2.6994703047206734,2.737647984072002
2019-06-28,0.25735797399041754,45.7773646183503,0.22347462854250694,2.904078470211335,2.857029950293552
2019-06-28,0.25735797399041754,46.10257106194129,0.22347462854250694,3.1163015235112645,2.9980577508307933
2019-06-28,0.25735797399041754,46.42777750553229,0.22347462854250694,3.335902964508943,3.1574622993853803
2019-06-28,0.25735797399041754,46.75298394912328,0.22347462854250694,3.5626277023874167,3.3323606716436047
2019-06-28,0.25735797399041754,47.07819039271428,0.22347462854250694,3.7962050480548015,3.5201958453037423
2019-06-28,0.25735797399041754,47.40339683630528,0.22347462854250694,4.036351688504144,3.718684646166963
2019-06-28,0.25735797399041754,47.72860327989628,0.22347462854250694,4.282774599041375,3.925772600616047
2019-06-28,0.25735797399041754,48.05380972348727,0.22347462854250694,4.535173854397648,4.1395945941894725
2019-06-28,0.25735797399041754,48.37901616707826,0.22347462854250694,4.793245305197686,4.358440402606667
2019-06-28,0.25735797399041754,48.70422261066926,0.22347462854250694,5.056683091905214,4.580724300977411
2019-06-28,0.25735797399041754,49.029429054260255,0.22347462854250694,5.325181974040298,4.804958073549919
